-- Inserting dummy data into the food_group table
INSERT INTO food_group (group_name, group_description) VALUES
('Grains', 'Food items made from wheat, rice, oats, cornmeal, barley, or another cereal grain'),
('Vegetables', 'Edible parts of plants that are consumed by humans or other animals as food'),
('Fruits', 'Edible parts of flowering plants that are consumed by humans or other animals as food'),
('Dairy', 'Food items made from milk or milk components'),
('Protein', 'Food items that are rich in protein, such as meat, poultry, fish, beans, and nuts'),
('Fats and Oils', 'Food items that are high in fats and oils, such as butter, olive oil, and vegetable oil'),
('Sweets', 'Food items that are high in sugar, such as candy, cookies, and cakes'),
('Beverages', 'Drinks that are consumed by humans, such as water, tea, coffee, and soft drinks'),
('Other', 'Food items that do not fit into the other food groups');

-- Inserting dummy data into the theme table
INSERT INTO theme (theme_name, theme_description) VALUES
('Italian', 'Recipes inspired by Italian cuisine'),
('Mediterranean', 'Recipes inspired by Mediterranean cuisine'),
('Asian', 'Recipes inspired by Asian cuisine'),
('Latin', 'Recipes inspired by Latin American cuisine'),
('European', 'Recipes inspired by European cuisine'),
('American', 'Recipes inspired by American cuisine'),
('French', 'Recipes inspired by French cuisine'),
('Healthy', 'Recipes that are healthy and nutritious'),
('Quick and Easy', 'Recipes that are quick and easy to prepare'),
('Vegetarian', 'Recipes that are vegetarian and do not contain meat'),
('Vegan', 'Recipes that are vegan and do not contain any animal products'),
('Gluten-Free', 'Recipes that are gluten-free and do not contain gluten'),
('Low-Carb', 'Recipes that are low in carbohydrates'),
('Low-Fat', 'Recipes that are low in fat'),
('Low-Calorie', 'Recipes that are low in calories'),
('High-Protein', 'Recipes that are high in protein'),
('Low-Sodium', 'Recipes that are low in sodium'),
('Dairy-Free', 'Recipes that do not contain dairy products'),
('Nut-Free', 'Recipes that do not contain nuts'),
('Soy-Free', 'Recipes that do not contain soy products');

-- Inserting dummy data into the cousine table
INSERT INTO cousine (cousine_name) VALUES
('Italian'),
('Greek'),
('Chinese'),
('Japanese'),
('Indian'),
('Mexican'),
('French'),
('Thai'),
('Korean'),
('Vietnamese'),
('Spanish'),
('Lebanese'),
('Turkish'),
('Moroccan'),
('Brazilian'),
('Peruvian'),
('Argentinian'),
('Russian'),
('German'),
('British'),
('American');

-- Inserting dummy data into the tag table
INSERT INTO tag (tag_name) VALUES
('Healthy'),
('Quick and Easy'),
('Vegetarian'),
('Vegan'),
('Gluten-Free'),
('Low-Carb'),
('Low-Fat'),
('Low-Calorie'),
('High-Protein'),
('Low-Sodium'),
('Dairy-Free'),
('Nut-Free'),
('Soy-Free'),
('Spicy'),
('Sweet'),
('Savory'),
('Sour'),
('Bitter'),
('Umami'),
('Fruity'),
('Herbal'),
('Earthy'),
('Floral'),
('Citrusy'),
('Creamy'),
('Crunchy'),
('Tender'),
('Juicy'),
('Crispy'),
('Soft'),
('Chewy'),
('Salty'),
('Sweet and Sour'),
('Savory and Sweet'),
('Spicy and Sweet'),
('Spicy and Sour'),
('Savory and Sour'),
('Savory and Spicy'),
('Savory and Bitter'),
('Sweet and Bitter'),
('Sweet and Umami'),
('Savory and Umami'),
('Sour and Umami'),
('Bitter and Umami'),
('Spicy and Umami'),
('Savory and Spicy and Sweet'),
('Savory and Spicy and Sour'),
('Savory and Spicy and Bitter'),
('Savory and Spicy and Umami'),
('Savory and Sweet and Bitter'),
('Savory and Sweet and Umami');

-- Inserting dummy data into the ingredient table
INSERT INTO ingredient (ingredient_name, food_group_id) VALUES
('Pasta', 1),
('Tomato', 2),
('Chicken', 5),
('Vegetables', 2),
('Feta Cheese', 4),
('Olive Oil', 6),
('Rice', 1),
('Lettuce', 2),
('Cucumber', 2),
('Bell Pepper', 2),
('Carrot', 2),
('Chicken Breast', 5),
('Broccoli', 2),
('Soy Sauce', 6),
('Garlic', 2),
('Onion', 2),
('Ginger', 2),
('Beef', 5),
('Pork', 5),
('Shrimp', 5),
('Fish', 5),
('Egg', 5),
('Milk', 4),
('Butter', 6),
('Flour', 1),
('Sugar', 7),
('Chocolate', 7),
('Coffee', 8),
('Tea', 8),
('Water', 8),
('Salt', 9),
('Pepper', 9),
('Spices', 9),
('Herbs', 9),
('Nuts', 9),
('Seeds', 9),
('Beans', 9),
('Tofu', 5),
('Mushrooms', 2),
('Cheese', 4),
('Bread', 1),
('Honey', 7),
('Syrup', 7),
('Jam', 7),
('Yogurt', 4),
('Eggplant', 2),
('Zucchini', 2),
('Pumpkin', 2),
('Squash', 2),
('Corn', 2),
('Potato', 2);

-- Inserting dummy data into the recipe table
INSERT INTO recipe (
    cooking_time, prep_time, difficulty, recipe_name, image, carbs_per_serving, 
    fats_per_serving, proteins_per_serving, number_of_servings, 
    meal_type, cousine_name, theme_name, main_ingredient_id
) VALUES
('00:45:00', '00:20:00', 3, 'Spaghetti Bolognese', NULL, 50, 20, 30, 4, 'Main Course', 'Italian', 'Italian', 1),
('01:00:00', '00:30:00', 4, 'Greek Salad', NULL, 20, 10, 5, 2, 'Appetizer', 'Greek', 'Mediterranean', 2),
('00:30:00', '00:15:00', 2, 'Stir-Fried Chicken with Vegetables', NULL, 10, 15, 20, 3, 'Main Course', 'Chinese', 'Asian', 3),
('00:45:00', '00:20:00', 3, 'Sushi Rolls', NULL, 30, 10, 15, 4, 'Main Course', 'Japanese', 'Asian', 4),
('01:30:00', '00:45:00', 5, 'Chicken Tikka Masala', NULL, 40, 25, 35, 4, 'Main Course', 'Indian', 'Asian', 5),
('01:15:00', '00:30:00', 4, 'Tacos', NULL, 30, 20, 25, 4, 'Main Course', 'Mexican', 'Latin', 6),
('01:00:00', '00:30:00', 4, 'Coq au Vin', NULL, 20, 30, 25, 4, 'Main Course', 'French', 'French', 7),
('00:45:00', '00:20:00', 3, 'Pad Thai', NULL, 40, 15, 20, 4, 'Main Course', 'Thai', 'Asian', 8),
('00:30:00', '00:15:00', 2, 'Bibimbap', NULL, 30, 20, 25, 4, 'Main Course', 'Korean', 'Asian', 9),
('00:45:00', '00:20:00', 3, 'Pho', NULL, 40, 10, 30, 4, 'Main Course', 'Vietnamese', 'Asian', 10),
('01:00:00', '00:30:00', 4, 'Paella', NULL, 30, 20, 25, 4, 'Main Course', 'Spanish', 'Mediterranean', 11),
('01:15:00', '00:45:00', 5, 'Hummus', NULL, 10, 15, 20, 3, 'Appetizer', 'Lebanese', 'Mediterranean', 12),
('01:30:00', '00:45:00', 5, 'Kebab', NULL, 30, 20, 25, 4, 'Main Course', 'Turkish', 'Mediterranean', 13),
('01:00:00', '00:30:00', 4, 'Couscous', NULL, 20, 30, 25, 4, 'Main Course', 'Moroccan', 'Mediterranean', 14),
('00:45:00', '00:20:00', 3, 'Feijoada', NULL, 40, 15, 20, 4, 'Main Course', 'Brazilian', 'Latin', 15),
('00:30:00', '00:15:00', 2, 'Ceviche', NULL, 30, 20, 25, 4, 'Appetizer', 'Peruvian', 'Latin', 16),
('00:45:00', '00:20:00', 3, 'Empanadas', NULL, 40, 10, 30, 4, 'Main Course', 'Argentinian', 'Latin', 17),
('01:00:00', '00:30:00', 4, 'Borscht', NULL, 30, 20, 25, 4, 'Main Course', 'Russian', 'European', 18),
('01:15:00', '00:45:00', 5, 'Schnitzel', NULL, 20, 30, 25, 4, 'Main Course', 'German', 'European', 19),
('01:30:00', '00:45:00', 5, 'Fish and Chips', NULL, 10, 15, 20, 3, 'Main Course', 'British', 'European', 20),
('01:00:00', '00:30:00', 4, 'Burgers', NULL, 30, 20, 25, 4, 'Main Course', 'American', 'American', 21),
('00:45:00', '00:20:00', 3, 'Spaghetti Carbonara', NULL, 40, 15, 20, 4, 'Main Course', 'Italian', 'Italian', 22),
('00:30:00', '00:15:00', 2, 'Greek Gyros', NULL, 30, 20, 25, 4, 'Main Course', 'Greek', 'Mediterranean', 23),
('00:45:00', '00:20:00', 3, 'Sweet and Sour Chicken', NULL, 40, 10, 30, 4, 'Main Course', 'Chinese', 'Asian', 24),
('01:00:00', '00:30:00', 4, 'Sashimi', NULL, 30, 10, 15, 4, 'Main Course', 'Japanese', 'Asian', 25),
('01:30:00', '00:45:00', 5, 'Butter Chicken', NULL, 40, 25, 35, 4, 'Main Course', 'Indian', 'Asian', 26),
('01:15:00', '00:30:00', 4, 'Tamales', NULL, 30, 20, 25, 4, 'Main Course', 'Mexican', 'Latin', 27),
('01:00:00', '00:30:00', 4, 'Ratatouille', NULL, 20, 30, 25, 4, 'Main Course', 'French', 'French', 28),
('00:45:00', '00:20:00', 3, 'Green Curry', NULL, 40, 15, 20, 4, 'Main Course', 'Thai', 'Asian', 29),
('00:30:00', '00:15:00', 2, 'Bulgogi', NULL, 30, 20, 25, 4, 'Main Course', 'Korean', 'Asian', 30),
('00:45:00', '00:20:00', 3, 'Bun Cha', NULL, 40, 10, 30, 4, 'Main Course', 'Vietnamese', 'Asian', 31),
('01:00:00', '00:30:00', 4, 'Gazpacho', NULL, 30, 20, 25, 4, 'Main Course', 'Spanish', 'Mediterranean', 32),
('01:15:00', '00:45:00', 5, 'Falafel', NULL, 10, 15, 20, 3, 'Appetizer', 'Lebanese', 'Mediterranean', 33),
('01:30:00', '00:45:00', 5, 'Doner Kebab', NULL, 30, 20, 25, 4, 'Main Course', 'Turkish', 'Mediterranean', 34),
('01:00:00', '00:30:00', 4, 'Tagine', NULL, 20, 30, 25, 4, 'Main Course', 'Moroccan', 'Mediterranean', 35),
('00:45:00', '00:20:00', 3, 'Pao de Queijo', NULL, 40, 15, 20, 4, 'Main Course', 'Brazilian', 'Latin', 36),
('00:30:00', '00:15:00', 2, 'Causa', NULL, 30, 20, 25, 4, 'Appetizer', 'Peruvian', 'Latin', 37),
('00:45:00', '00:20:00', 3, 'Milanesa', NULL, 40, 10, 30, 4, 'Main Course', 'Argentinian', 'Latin', 38),
('01:00:00', '00:30:00', 4, 'Blini', NULL, 30, 20, 25, 4, 'Main Course', 'Russian', 'European', 39),
('01:15:00', '00:45:00', 5, 'Sauerbraten', NULL, 20, 30, 25, 4, 'Main Course', 'German', 'European', 40),
('01:30:00', '00:45:00', 5, 'Shepherd''s Pie', NULL, 10, 15, 20, 3, 'Main Course', 'British', 'European', 41),
('01:00:00', '00:30:00', 4, 'Mac and Cheese', NULL, 30, 20, 25, 4, 'Main Course', 'American', 'American', 42),
('00:45:00', '00:20:00', 3, 'Pasta Carbonara', NULL, 40, 15, 20, 4, 'Main Course', 'Italian', 'Italian', 43),
('00:30:00', '00:15:00', 2, 'Souvlaki', NULL, 30, 20, 25, 4, 'Main Course', 'Greek', 'Mediterranean', 44),
('00:45:00', '00:20:00', 3, 'General Tso''s Chicken', NULL, 40, 10, 30, 4, 'Main Course', 'Chinese', 'Asian', 45),
('01:00:00', '00:30:00', 4, 'Tempura', NULL, 30, 10, 15, 4, 'Main Course', 'Japanese', 'Asian', 46),
('01:30:00', '00:45:00', 5, 'Butter Paneer', NULL, 40, 25, 35, 4, 'Main Course', 'Indian', 'Asian', 47),
('01:15:00', '00:30:00', 4, 'Tacos al Pastor', NULL, 30, 20, 25, 4, 'Main Course', 'Mexican', 'Latin', 48),
('01:00:00', '00:30:00', 4, 'Cassoulet', NULL, 20, 30, 25, 4, 'Main Course', 'French', 'French', 49),
('00:45:00', '00:20:00', 3, 'Tom Yum Soup', NULL, 40, 15, 20, 4, 'Main Course', 'Thai', 'Asian', 50),
('00:30:00', '00:15:00', 2, 'Kimchi Fried Rice', NULL, 30, 20, 25, 4, 'Main Course', 'Korean', 'Asian', 51);

-- Inserting dummy data into the recipe_has_ingredient table
INSERT INTO recipe_has_ingredient (recipe_id, ingredient_id) VALUES
(12, 4), (32, 37), (10, 34), (45, 10), (1, 49), (42, 11), (3, 22), (33, 20), (10, 27), (37, 8),
(45, 21), (36, 18), (32, 14), (13, 10), (3, 42), (44, 49), (22, 21), (37, 19), (45, 32), (39, 46),
(31, 42), (33, 15), (15, 9), (50, 40), (39, 3), (19, 34), (44, 33), (31, 17), (22, 14), (5, 7),
(45, 25), (48, 42), (4, 36), (44, 17), (19, 27), (18, 16), (8, 45), (34, 18), (18, 46), (34, 48),
(44, 28), (18, 18), (38, 27), (37, 7), (33, 12), (15, 6), (7, 2), (47, 38), (45, 50), (19, 31),
(46, 15), (11, 27), (17, 43), (5, 41), (49, 20), (15, 36), (6, 33), (30, 15), (36, 31), (46, 8),
(19, 33), (12, 3), (40, 19), (2, 35), (31, 25), (46, 44), (26, 38), (36, 33), (11, 13), (8, 26),
(30, 44), (21, 8), (20, 18), (12, 14), (24, 43), (30, 1), (4, 28), (39, 43), (17, 22), (8, 19),
(26, 15), (20, 11), (26, 24), (34, 13), (26, 42), (28, 6), (45, 22), (40, 16), (50, 2), (39, 47),
(24, 13), (32, 26), (47, 5), (39, 40), (28, 19), (8, 16), (12, 32), (14, 38), (26, 3), (23, 50);

-- Inserting dummy data into the recipe_has_tag table
INSERT INTO recipe_has_tag (tag_name, recipe_id) VALUES
('Sweet and Sour', 10), ('Soft', 43), ('Savory and Sweet and Bitter', 42), ('Gluten-Free', 49), ('Vegan', 37), 
('Sweet', 34), ('Fruity', 25), ('Quick and Easy', 40), ('Citrusy', 10), ('Spicy', 23),
('Umami', 33), ('Chewy', 3), ('Soft', 36), ('Citrusy', 22), ('Sour and Umami', 25), 
('Crispy', 38), ('Juicy', 21), ('Savory and Spicy and Sweet', 12), ('Low-Fat', 13), ('Sour and Umami', 37),
('Savory and Umami', 24), ('Spicy and Sweet', 35), ('Savory', 51), ('Soft', 14), ('Soy-Free', 28), 
('Citrusy', 6), ('Sweet and Umami', 21), ('Chewy', 51), ('Soft', 29), ('Fruity', 36),
('Sweet and Bitter', 42), ('Vegan', 8), ('Sour and Umami', 21), ('Savory and Sweet', 6), ('Quick and Easy', 8), 
('Low-Sodium', 31), ('Savory and Sweet and Umami', 24), ('Juicy', 32), ('Savory and Umami', 32), ('High-Protein', 34),
('Savory and Sour', 33), ('Savory and Spicy and Umami', 28), ('Tender', 31), ('Earthy', 9), ('Bitter', 41), 
('Savory', 48), ('Sweet and Bitter', 35), ('High-Protein', 3), ('Spicy and Sour', 40), ('Bitter and Umami', 41);

-- Inserting dummy data into the cooking_equipment table
INSERT INTO cooking_equipment (equipment_name, instructions, image, image_description) VALUES
('Pan', 'Use to cook food on the stovetop', NULL, NULL),
('Oven', 'Use to bake or roast food', NULL, NULL),
('Knife', 'Use to cut or chop ingredients', NULL, NULL),
('Cutting Board', 'Use to prepare ingredients', NULL, NULL),
('Pot', 'Use to cook food on the stovetop', NULL, NULL),
('Spatula', 'Use to flip or stir food', NULL, NULL),
('Whisk', 'Use to mix ingredients', NULL, NULL),
('Measuring Cup', 'Use to measure liquid ingredients', NULL, NULL),
('Measuring Spoon', 'Use to measure dry ingredients', NULL, NULL),
('Mixing Bowl', 'Use to mix ingredients', NULL, NULL),
('Blender', 'Use to blend or puree ingredients', NULL, NULL),
('Food Processor', 'Use to chop or grind ingredients', NULL, NULL),
('Grill', 'Use to cook food over an open flame', NULL, NULL),
('Toaster', 'Use to toast bread or bagels', NULL, NULL),
('Microwave', 'Use to heat or cook food quickly', NULL, NULL),
('Slow Cooker', 'Use to cook food slowly over a long period of time', NULL, NULL),
('Pressure Cooker', 'Use to cook food quickly under pressure', NULL, NULL),
('Rice Cooker', 'Use to cook rice', NULL, NULL),
('Wok', 'Use to stir-fry food', NULL, NULL),
('Steamer', 'Use to steam food', NULL, NULL),
('Grater', 'Use to grate or shred ingredients', NULL, NULL),
('Peeler', 'Use to peel fruits or vegetables', NULL, NULL),
('Colander', 'Use to drain or rinse ingredients', NULL, NULL),
('Tongs', 'Use to pick up or turn food', NULL, NULL),
('Rolling Pin', 'Use to roll out dough', NULL, NULL),
('Baking Sheet', 'Use to bake or roast food in the oven', NULL, NULL),
('Muffin Tin', 'Use to bake muffins or cupcakes', NULL, NULL),
('Cake Pan', 'Use to bake cakes or brownies', NULL, NULL),
('Pie Dish', 'Use to bake pies or quiches', NULL, NULL),
('Casserole Dish', 'Use to bake casseroles or lasagnas', NULL, NULL),
('Baking Dish', 'Use to bake or roast food in the oven', NULL, NULL),
('Roasting Pan', 'Use to roast meat or vegetables', NULL, NULL),
('Saucepan', 'Use to cook sauces or soups', NULL, NULL),
('Skillet', 'Use to cook food on the stovetop', NULL, NULL),
('Dutch Oven', 'Use to cook food on the stovetop or in the oven', NULL, NULL),
('Frying Pan', 'Use to fry or saute food', NULL, NULL),
('Griddle', 'Use to cook pancakes or burgers', NULL, NULL),
('Sauce Boat', 'Use to serve sauces or gravies', NULL, NULL),
('Salad Spinner', 'Use to wash and dry salad greens', NULL, NULL),
('Mandoline', 'Use to slice fruits or vegetables', NULL, NULL),
('Pastry Brush', 'Use to brush pastries or meats with egg wash', NULL, NULL),
('Pastry Cutter', 'Use to cut butter into flour for pastries', NULL, NULL),
('Pastry Bag', 'Use to pipe frosting or batter', NULL, NULL),
('Pastry Wheel', 'Use to cut dough for pastries', NULL, NULL),
('Pastry Mat', 'Use to roll out dough for pastries', NULL, NULL),
('Pastry Ring', 'Use to shape dough for pastries', NULL, NULL),
('Pastry Mold', 'Use to shape dough for pastries', NULL, NULL),
('Pastry Lifter', 'Use to transfer pastries to a baking sheet', NULL, NULL),
('Pastry Docker', 'Use to prick dough for pastries', NULL, NULL),
('Pastry Server', 'Use to serve pastries or cakes', NULL, NULL),
('Pastry Stand', 'Use to display pastries or cakes', NULL, NULL);

-- Inserting dummy data into the recipe_has_cooking_equipment table
INSERT INTO recipe_has_cooking_equipment (recipe_id, equipment_id) VALUES
(38, 23), (18, 17), (35, 42), (28, 3), (25, 50), (45, 37), (2, 11), (7, 1), (27, 34), (7, 19),
(45, 12), (37, 8), (28, 5), (48, 38), (9, 1), (35, 1), (25, 27), (16, 42), (46, 43), (45, 23),
(49, 2), (8, 25), (33, 24), (1, 19), (16, 26), (47, 4), (23, 13), (37, 12), (51, 13), (23, 31),
(51, 22), (35, 5), (44, 26), (17, 39), (42, 38), (27, 49), (20, 10), (39, 23), (2, 38), (51, 6),
(23, 24), (31, 37), (41, 23), (33, 37), (39, 16), (49, 27), (42, 6), (7, 48), (27, 26), (2, 33),
(36, 22), (17, 18), (33, 14), (17, 27), (21, 6), (12, 12), (38, 49), (49, 49), (28, 29), (9, 25),
(2, 19), (49, 15), (22, 6), (48, 25), (21, 17), (17, 13), (34, 29), (44, 9), (11, 6), (28, 22),
(16, 2), (32, 31), (46, 30), (25, 16), (23, 46), (26, 8), (26, 17), (23, 9), (44, 41), (34, 15),
(28, 8), (27, 18), (45, 33), (19, 14), (9, 40), (26, 19), (12, 2), (50, 4), (7, 33), (22, 15),
(14, 47), (2, 46), (20, 27), (39, 40), (14, 29), (2, 9), (37, 40), (14, 38), (3, 47), (6, 9);

-- Inserting dummy data into the steps table
INSERT INTO steps (step_number, step_description, recipe_id) VALUES
(1, 'Boil the pasta until al dente.', 1),
(2, 'Prepare the sauce by simmering tomatoes and spices.', 1),
(3, 'Combine pasta and sauce, and serve hot.', 1),
(1, 'Chop all vegetables finely.', 2),
(2, 'Mix vegetables with feta cheese and olive oil.', 2),
(3, 'Serve chilled as an appetizer.', 2),
(1, 'Cut chicken into bite-sized pieces.', 3),
(2, 'Stir-fry chicken with vegetables and soy sauce.', 3),
(1, 'Cook the sushi rice and let it cool.', 4),
(2, 'Roll the sushi with nori, rice, and fillings.', 4),
(1, 'Marinate the chicken with spices and yogurt.', 5),
(2, 'Cook the chicken until fully done.', 5),
(3, 'Serve with rice and naan bread.', 5),
(1, 'Prepare the taco fillings with meat and vegetables.', 6),
(2, 'Warm the taco shells and assemble tacos.', 6),
(1, 'Season and sear the chicken.', 7),
(2, 'Simmer the chicken with wine and vegetables.', 7),
(1, 'Soak the noodles in warm water until soft.', 8),
(2, 'Stir-fry the noodles with vegetables and sauce.', 8),
(1, 'Cook the rice and set it aside.', 9),
(2, 'Stir-fry the beef and vegetables.', 9),
(1, 'Prepare the broth with spices.', 10),
(2, 'Add the meat and noodles to the broth.', 10),
(1, 'Cook the rice with saffron and spices.', 11),
(2, 'Add seafood and vegetables to the rice.', 11),
(1, 'Blend the chickpeas with tahini and garlic.', 12),
(2, 'Serve the hummus with olive oil and pita.', 12),
(1, 'Season and grill the meat.', 13),
(2, 'Serve the kebabs with rice and salad.', 13),
(1, 'Cook the couscous with broth.', 14),
(2, 'Mix the couscous with vegetables and spices.', 14),
(1, 'Cook the beans with pork and beef.', 15),
(2, 'Serve the feijoada with rice and orange slices.', 15),
(1, 'Marinate the fish with lime and spices.', 16),
(2, 'Serve the ceviche with corn and sweet potato.', 16),
(1, 'Prepare the dough for empanadas.', 17),
(2, 'Fill the dough with meat and vegetables.', 17),
(3, 'Bake the empanadas until golden brown.', 17),
(1, 'Boil the beets until tender.', 18),
(2, 'Serve the borscht with sour cream and dill.', 18),
(1, 'Pound the meat thin and bread it.', 19),
(2, 'Fry the schnitzel until crispy.', 19),
(1, 'Batter the fish and fry until golden.', 20),
(2, 'Serve the fish with chips and tartar sauce.', 20),
(1, 'Grill the burgers until done.', 21),
(2, 'Assemble the burgers with buns and toppings.', 21),
(1, 'Cook the pasta until al dente.', 22),
(2, 'Mix pasta with the carbonara sauce.', 22),
(1, 'Season and grill the meat.', 23),
(2, 'Serve the gyros with pita and tzatziki.', 23),
(1, 'Batter the chicken and fry until crispy.', 24),
(2, 'Toss the chicken in sweet and sour sauce.', 24),
(1, 'Slice the fish thinly for sashimi.', 25),
(2, 'Serve the sashimi with soy sauce and wasabi.', 25),
(1, 'Cook the chicken with spices and cream.', 26),
(2, 'Serve the butter chicken with rice.', 26),
(1, 'Prepare the dough for tamales.', 27),
(2, 'Fill the tamales with meat and steam them.', 27),
(1, 'Cook the vegetables with herbs.', 28),
(2, 'Layer the vegetables in a baking dish.', 28),
(1, 'Cook the curry with coconut milk.', 29),
(2, 'Serve the curry with rice.', 29),
(1, 'Marinate the beef and cook with vegetables.', 30),
(2, 'Serve the bulgogi with rice.', 30),
(1, 'Grill the meat and serve with noodles.', 31),
(1, 'Blend the vegetables until smooth.', 32),
(1, 'Blend the chickpeas and form into balls.', 33),
(2, 'Fry the falafel until golden brown.', 33),
(1, 'Season and grill the meat.', 34),
(2, 'Serve the kebab with flatbread.', 34),
(1, 'Cook the tagine with spices and meat.', 35),
(2, 'Serve the tagine with couscous.', 35),
(1, 'Bake the cheese bread until puffed.', 36),
(2, 'Serve the pao de queijo warm.', 36),
(1, 'Prepare the dough for causa.', 37),
(2, 'Layer the causa with potatoes and fillings.', 37),
(1, 'Bread and fry the meat for milanesa.', 38),
(2, 'Serve the milanesa with salad.', 38),
(1, 'Cook the blini batter on a hot griddle.', 39),
(2, 'Serve the blini with caviar and sour cream.', 39),
(1, 'Marinate and roast the meat for sauerbraten.', 40),
(2, 'Serve the sauerbraten with gravy.', 40),
(1, 'Layer the pie with meat and vegetables.', 41),
(2, 'Bake the shepherd’s pie until golden brown.', 41),
(1, 'Cook the macaroni and mix with cheese sauce.', 42),
(2, 'Bake the mac and cheese until bubbly.', 42),
(1, 'Cook the pasta until al dente.', 43),
(2, 'Mix pasta with the carbonara sauce.', 43),
(1, 'Marinate and grill the meat for souvlaki.', 44),
(2, 'Serve the souvlaki with pita and tzatziki.', 44),
(1, 'Batter and fry the chicken for General Tso’s.', 45),
(2, 'Toss the chicken in the sauce.', 45),
(1, 'Prepare the batter for tempura.', 46),
(2, 'Fry the tempura until crispy.', 46),
(1, 'Cook the paneer with spices and cream.', 47),
(2, 'Serve the butter paneer with naan.', 47),
(1, 'Prepare the filling for tacos al pastor.', 48),
(2, 'Assemble the tacos and serve.', 48),
(1, 'Cook the cassoulet with beans and meat.', 49),
(2, 'Bake the cassoulet until bubbly.', 49),
(1, 'Prepare the broth for tom yum soup.', 50),
(2, 'Add the shrimp and mushrooms to the soup.', 50),
(1, 'Cook the kimchi fried rice with vegetables.', 51),
(2, 'Serve the kimchi fried rice hot.', 51);

-- Correcting duplicate insertions for chefs
INSERT INTO chef (
    first_name, last_name, birth_year, phone_number, image_description,
    actual_image, age, years_of_work_experience, professional_status
) VALUES
('John', 'Doe', '1980', 123456789, NULL, NULL, 44, 20, 'Head Chef'),
('Jane', 'Smith', '1990', 987654321, NULL, NULL, 34, 15, 'Sous Chef'),
('Michael', 'Johnson', '1975', 555123456, NULL, NULL, 49, 25, 'Executive Chef'),
('Emily', 'Brown', '1985', 666654321, NULL, NULL, 39, 18, 'Pastry Chef'),
('William', 'Taylor', '1982', 777765432, NULL, NULL, 42, 22, 'Sous Chef'),
('Christopher', 'Lee', '1987', 888876543, NULL, NULL, 37, 12, 'Line Cook'),
('Sarah', 'Wong', '1993', 999987654, NULL, NULL, 31, 8, 'Head Chef'),
('Olivia', 'Garcia', '1981', 111111111, NULL, NULL, 43, 19, 'Executive Sous Chef'),
('David', 'Martinez', '1989', 222222222, NULL, NULL, 35, 16, 'Sous Chef'),
('Alex', 'Johnson', '1984', 333333333, NULL, NULL, 40, 17, 'Executive Chef'),
('Emma', 'Brown', '1991', 444444444, NULL, NULL, 30, 9, 'Pastry Chef'),
('Daniel', 'Taylor', '1983', 555555555, NULL, NULL, 38, 21, 'Sous Chef'),
('Sophia', 'Lee', '1988', 666666666, NULL, NULL, 33, 14, 'Line Cook'),
('James', 'Wong', '1994', 777777777, NULL, NULL, 29, 7, 'Head Chef'),
('Ava', 'Garcia', '1980', 888888888, NULL, NULL, 44, 18, 'Executive Sous Chef'),
('Logan', 'Martinez', '1986', 999999999, NULL, NULL, 36, 15, 'Sous Chef'),
('Ella', 'Johnson', '1992', 111111111, NULL, NULL, 32, 10, 'Executive Chef'),
('Benjamin', 'Brown', '1983', 222222222, NULL, NULL, 38, 20, 'Pastry Chef'),
('Mia', 'Taylor', '1989', 333333333, NULL, NULL, 35, 13, 'Sous Chef'),
('Henry', 'Lee', '1985', 444444444, NULL, NULL, 39, 8, 'Line Cook'),
('Liam', 'Wong', '1991', 555555555, NULL, NULL, 30, 6, 'Head Chef'),
('Charlotte', 'Garcia', '1987', 666666666, NULL, NULL, 34, 17, 'Executive Sous Chef'),
('Amelia', 'Martinez', '1982', 777777777, NULL, NULL, 39, 14, 'Sous Chef'),
('Harper', 'Johnson', '1990', 888888888, NULL, NULL, 31, 9, 'Executive Chef'),
('Evelyn', 'Brown', '1988', 999999999, NULL, NULL, 33, 19, 'Pastry Chef'),
('Michael', 'Taylor', '1984', 111111111, NULL, NULL, 37, 12, 'Sous Chef'),
('William', 'Lee', '1993', 222222222, NULL, NULL, 28, 7, 'Line Cook'),
('James', 'Wong', '1981', 333333333, NULL, NULL, 40, 18, 'Head Chef'),
('Olivia', 'Garcia', '1989', 444444444, NULL, NULL, 32, 16, 'Executive Sous Chef'),
('David', 'Martinez', '1987', 555555555, NULL, NULL, 34, 11, 'Sous Chef'),
('Sophia', 'Johnson', '1992', 666666666, NULL, NULL, 29, 9, 'Executive Chef'),
('Emma', 'Brown', '1986', 777777777, NULL, NULL, 35, 20, 'Pastry Chef'),
('Daniel', 'Taylor', '1990', 888888888, NULL, NULL, 31, 15, 'Sous Chef'),
('Ava', 'Lee', '1984', 999999999, NULL, NULL, 37, 8, 'Line Cook'),
('Logan', 'Wong', '1991', 111111111, NULL, NULL, 30, 6, 'Head Chef'),
('Ella', 'Garcia', '1988', 222222222, NULL, NULL, 33, 17, 'Executive Sous Chef'),
('Benjamin', 'Martinez', '1983', 333333333, NULL, NULL, 38, 14, 'Sous Chef'),
('Mia', 'Johnson', '1989', 444444444, NULL, NULL, 32, 9, 'Executive Chef'),
('Henry', 'Brown', '1985', 555555555, NULL, NULL, 36, 19, 'Pastry Chef'),
('Liam', 'Taylor', '1992', 666666666, NULL, NULL, 29, 14, 'Sous Chef'),
('Charlotte', 'Lee', '1987', 777777777, NULL, NULL, 34, 7, 'Line Cook'),
('Amelia', 'Wong', '1993', 888888888, NULL, NULL, 28, 5, 'Head Chef'),
('Harper', 'Garcia', '1981', 999999999, NULL, NULL, 40, 16, 'Executive Sous Chef'),
('Evelyn', 'Martinez', '1989', 111111111, NULL, NULL, 32, 13, 'Sous Chef'),
('Michael', 'Johnson', '1984', 222222222, NULL, NULL, 37, 8, 'Executive Chef'),
('William', 'Brown', '1990', 333333333, NULL, NULL, 31, 18, 'Pastry Chef'),
('James', 'Taylor', '1986', 444444444, NULL, NULL, 35, 11, 'Sous Chef'),
('Olivia', 'Lee', '1991', 555555555, NULL, NULL, 30, 6, 'Line Cook'),
('David', 'Wong', '1987', 666666666, NULL, NULL, 34, 15, 'Head Chef'),
('Sophia', 'Garcia', '1983', 777777777, NULL, NULL, 38, 20, 'Executive Sous Chef'),
('Emma', 'Martinez', '1988', 888888888, NULL, NULL, 33, 17, 'Sous Chef');

-- Inserting dummy data into the specializes_in table with unique chef-cuisine pairs
INSERT INTO specializes_in (chef_id, cousine_name) VALUES
(1, 'Italian'),
(2, 'Greek'),
(3, 'Chinese'),
(4, 'Japanese'),
(5, 'Indian'),
(6, 'Mexican'),
(7, 'French'),
(8, 'Thai'),
(9, 'Korean'),
(10, 'Vietnamese'),
(11, 'Spanish'),
(12, 'Lebanese'),
(13, 'Turkish'),
(14, 'Moroccan'),
(15, 'Brazilian'),
(16, 'Peruvian'),
(17, 'Argentinian'),
(18, 'Russian'),
(19, 'German'),
(20, 'British'),
(21, 'American'),
(22, 'Italian'),
(23, 'Greek'),
(24, 'Chinese'),
(25, 'Japanese'),
(26, 'Indian'),
(27, 'Mexican'),
(28, 'French'),
(29, 'Thai'),
(30, 'Korean'),
(31, 'Vietnamese'),
(32, 'Spanish'),
(33, 'Lebanese'),
(34, 'Turkish'),
(35, 'Moroccan'),
(36, 'Brazilian'),
(37, 'Peruvian'),
(38, 'Argentinian'),
(39, 'Russian'),
(40, 'German'),
(41, 'British'),
(42, 'American'),
(43, 'Italian'),
(44, 'Greek'),
(45, 'Chinese'),
(46, 'Japanese'),
(47, 'Indian'),
(48, 'Mexican'),
(49, 'French'),
(50, 'Thai');

-- Inserting dummy data into the episode table
INSERT INTO episode (episode_number, season_number) VALUES
(1, 1), (2, 1), (3, 1), (4, 1), (5, 1), (6, 1), (7, 1), (8, 1), (9, 1), (10, 1),
(1, 2), (2, 2), (3, 2), (4, 2), (5, 2), (6, 2), (7, 2), (8, 2), (9, 2), (10, 2),
(1, 3), (2, 3), (3, 3), (4, 3), (5, 3), (6, 3), (7, 3), (8, 3), (9, 3), (10, 3),
(1, 4), (2, 4), (3, 4), (4, 4), (5, 4), (6, 4), (7, 4), (8, 4), (9, 4), (10, 4),
(1, 5), (2, 5), (3, 5), (4, 5), (5, 5), (6, 5), (7, 5), (8, 5), (9, 5), (10, 5);

-- Inserting dummy data into the judge_in_episode table
INSERT INTO judge_in_episode (chef_id, episode_number, season_number, judge_number) VALUES
(1, 1, 1, 1), (2, 2, 1, 1), (3, 3, 1, 1), (4, 4, 1, 1), (5, 5, 1, 1),
(6, 6, 1, 1), (7, 7, 1, 1), (8, 8, 1, 1), (9, 9, 1, 1), (10, 10, 1, 1),
(11, 1, 2, 1), (12, 2, 2, 1), (13, 3, 2, 1), (14, 4, 2, 1), (15, 5, 2, 1),
(16, 6, 2, 1), (17, 7, 2, 1), (18, 8, 2, 1), (19, 9, 2, 1), (20, 10, 2, 1),
(21, 1, 3, 1), (22, 2, 3, 1), (23, 3, 3, 1), (24, 4, 3, 1), (25, 5, 3, 1),
(26, 6, 3, 1), (27, 7, 3, 1), (28, 8, 3, 1), (29, 9, 3, 1), (30, 10, 3, 1),
(31, 1, 4, 1), (32, 2, 4, 1), (33, 3, 4, 1), (34, 4, 4, 1), (35, 5, 4, 1),
(36, 6, 4, 1), (37, 7, 4, 1), (38, 8, 4, 1), (39, 9, 4, 1), (40, 10, 4, 1),
(41, 1, 5, 1), (42, 2, 5, 1), (43, 3, 5, 1), (44, 4, 5, 1), (45, 5, 5, 1),
(46, 6, 5, 1), (47, 7, 5, 1), (48, 8, 5, 1), (49, 9, 5, 1), (50, 10, 5, 1);

-- Inserting dummy data into the scores table
INSERT INTO scores (
    chef_id, episode_number, season_number, cousine_name, recipe_id, 
    score_1, score_2, score_3
) VALUES
(2, 1, 1, 'Italian', 1, 5, 3, 4),
(3, 2, 1, 'Greek', 2, 2, 5, 4),
(4, 3, 1, 'Chinese', 3, 1, 5, 5),
(5, 4, 1, 'Japanese', 4, 3, 3, 4),
(6, 5, 1, 'Indian', 5, 2, 2, 3),
(7, 6, 1, 'Mexican', 6, 4, 4, 5),
(8, 7, 1, 'French', 7, 5, 1, 2),
(9, 8, 1, 'Thai', 8, 5, 2, 4),
(10, 9, 1, 'Korean', 9, 3, 4, 1),
(11, 10, 1, 'Vietnamese', 10, 4, 3, 2),
(12, 1, 2, 'Spanish', 11, 1, 5, 4),
(13, 2, 2, 'Lebanese', 12, 2, 5, 3),
(14, 3, 2, 'Turkish', 13, 4, 2, 5),
(15, 4, 2, 'Moroccan', 14, 3, 1, 5),
(16, 5, 2, 'Brazilian', 15, 5, 4, 2),
(17, 6, 2, 'Peruvian', 16, 5, 3, 1),
(18, 7, 2, 'Argentinian', 17, 2, 5, 4),
(19, 8, 2, 'Russian', 18, 1, 5, 3),
(20, 9, 2, 'German', 19, 4, 2, 5),
(21, 10, 2, 'British', 20, 3, 5, 1),
(22, 1, 3, 'American', 21, 5, 1, 4),
(23, 2, 3, 'Italian', 22, 5, 3, 2),
(24, 3, 3, 'Greek', 23, 1, 4, 5),
(25, 4, 3, 'Chinese', 24, 2, 5, 1),
(26, 5, 3, 'Japanese', 25, 3, 5, 2),
(27, 6, 3, 'Indian', 26, 4, 1, 5),
(28, 7, 3, 'Mexican', 27, 5, 2, 3),
(29, 8, 3, 'French', 28, 5, 4, 2),
(30, 9, 3, 'Thai', 29, 1, 3, 5),
(31, 10, 3, 'Korean', 30, 2, 5, 4),
(32, 1, 4, 'Vietnamese', 31, 3, 4, 5),
(33, 2, 4, 'Spanish', 32, 4, 2, 5),
(34, 3, 4, 'Lebanese', 33, 1, 5, 5),
(35, 4, 4, 'Turkish', 34, 2, 5, 3),
(36, 5, 4, 'Moroccan', 35, 4, 3, 1),
(37, 6, 4, 'Brazilian', 36, 5, 1, 2),
(38, 7, 4, 'Peruvian', 37, 3, 2, 5),
(39, 8, 4, 'Argentinian', 38, 5, 4, 1),
(40, 9, 4, 'Russian', 39, 1, 3, 5),
(41, 10, 4, 'German', 40, 2, 4, 5),
(42, 1, 5, 'British', 41, 3, 5, 2),
(43, 2, 5, 'American', 42, 4, 5, 3),
(44, 3, 5, 'Italian', 43, 1, 2, 5),
(45, 4, 5, 'Greek', 44, 2, 3, 4),
(46, 5, 5, 'Chinese', 45, 3, 4, 1),
(47, 6, 5, 'Japanese', 46, 4, 1, 5),
(48, 7, 5, 'Indian', 47, 5, 2, 3),
(49, 8, 5, 'Mexican', 48, 5, 3, 4),
(50, 9, 5, 'French', 49, 1, 4, 2);

-- Inserting dummy data into the cook_has_recipe table
INSERT INTO cook_has_recipe (chef_id, recipe_id) VALUES
(1, 1),
(2, 2),
(1, 3),
(2, 3);
